NAME,AB,ST,EHG,AP,CHCH,BC,CIM,PCI,DES,EST,LC,FA,CAA,CEXA,CHC,CHH,CAMG,COND,CECN,SEP,CE,BRE,ACC,COM,NOMS,T,LT,KM,FALLA,TIPO,DESC,OBS,CORR,TipoFALLA
1,10,10,10,10,10,10,8,10,10,8,10,10,10,10,8,8,10,10,10,10,10,8,10,10,4,0.934,93020,,,,,,,
2,10,10,10,10,10,10,8,10,10,8,10,10,10,10,8,8,10,10,10,10,10,8,10,10,4,0.934,93020,,,,,,,
3,10,10,10,10,10,10,8,10,10,8,10,10,10,10,8,8,10,10,10,10,10,8,10,10,4,0.934,93020,,,,,,,
4,10,10,10,10,10,10,8,10,10,8,10,10,10,10,8,8,10,10,10,10,10,8,10,10,4,0.934,93020,,,,,,,
5,10,10,10,10,10,10,8,10,10,8,10,10,10,10,8,8,10,10,10,10,10,8,10,10,4,0.934,93020,,,,,,,
6,10,10,10,10,10,10,8,10,10,8,10,10,10,10,8,8,10,10,10,10,10,8,10,10,4,0.934,93020,,,,,,,
7,10,10,10,10,10,10,8,10,10,8,10,10,10,10,8,8,10,10,10,10,10,8,10,10,4,0.934,93020,,,,,,,
8,10,10,10,10,10,10,8,10,10,8,10,10,10,10,8,8,10,10,10,10,10,8,10,10,4,0.934,93020,,,,,,,
9,10,10,10,10,10,10,8,10,10,8,10,10,10,10,8,8,10,10,10,10,10,8,10,10,4,0.934,93020,,,,,,,
10,10,10,10,10,10,10,8,10,10,8,10,10,10,10,8,8,10,10,10,10,10,8,10,10,4,0.934,93020,,,,,,,
11,10,10,10,10,10,10,8,10,10,8,10,10,10,10,8,8,10,10,10,10,10,8,10,10,4,0.934,93020,,,,,,,
12,10,10,10,10,10,10,8,10,10,8,10,10,10,10,8,8,10,10,10,10,10,8,10,10,4,0.934,93020,,,,,,,
13,10,10,10,10,10,10,8,10,10,8,10,10,10,10,8,8,10,10,10,10,10,8,10,10,4,0.934,93020,,,,,,,
14,10,10,10,10,10,10,8,10,10,8,10,10,10,10,8,8,10,10,10,10,10,8,10,10,4,0.934,93020,,,,,,,
15,10,10,10,10,10,10,8,10,10,8,10,10,10,10,8,8,10,10,10,10,10,8,10,10,4,0.934,93020,,,,,,,
16,10,10,10,10,10,10,8,10,10,8,10,10,10,10,8,8,10,10,10,10,10,8,10,10,4,0.934,93020,,,,,,,
17,10,10,10,10,10,10,8,10,10,8,10,10,10,10,8,8,10,10,10,10,10,8,10,10,4,0.934,93020,,,,,,,
18,10,10,10,10,10,10,8,10,10,8,10,10,10,10,8,8,10,10,10,10,10,8,10,10,4,0.934,93020,,,,,,,
19,10,10,10,10,10,10,8,10,10,8,10,10,10,10,8,8,10,10,10,10,10,8,10,10,4,0.934,93020,,,,,,,
20,10,10,10,10,10,10,8,10,10,8,10,10,10,10,8,8,10,10,10,10,10,8,10,10,4,0.934,93020,,,,,,,
21,10,10,10,10,10,10,8,10,10,8,10,10,10,10,8,8,10,10,10,10,10,8,10,10,4,0.934,93020,,,,,,,
22,10,10,10,10,10,10,8,10,10,8,10,10,10,10,8,8,10,10,10,10,10,8,10,10,4,0.934,93020,,,,,,,
23,10,10,10,10,10,10,8,10,10,8,10,10,10,10,8,8,10,10,10,10,10,8,10,10,4,0.934,93020,,,,,,,
24,10,10,10,10,10,10,8,10,10,8,10,10,10,10,8,8,10,10,10,10,10,8,10,10,4,0.934,93020,,,,,,,
25,6,10,10,10,10,10,8,10,10,8,10,10,10,10,8,8,10,10,10,10,10,8,10,10,4,0.894,93020,,,,,,,
26,10,10,10,10,10,10,8,10,10,8,10,10,10,10,8,8,10,10,10,10,10,8,10,10,4,0.934,93020,,,,,,,
27,10,10,10,10,10,10,8,10,10,8,10,10,10,10,8,8,10,10,10,10,10,8,10,10,4,0.934,93020,,,,,,,
28,10,10,10,10,10,10,8,10,10,8,10,10,10,10,8,8,10,10,10,10,10,8,10,10,4,0.934,93020,,,,,,,
29,10,10,10,10,10,10,8,10,10,8,10,10,10,10,8,8,10,10,10,10,10,8,10,10,4,0.934,93020,,,,,,,
30,10,10,10,10,10,10,8,10,10,8,10,10,10,10,8,8,10,10,10,10,10,8,10,10,4,0.934,93020,,,,,,,
31,10,10,10,10,10,10,8,10,10,8,10,10,10,10,8,8,10,10,10,10,10,8,10,10,4,0.934,93020,,,,,,,
32,10,10,10,10,10,10,8,10,10,8,10,10,10,10,8,8,10,10,10,10,10,8,10,10,4,0.934,93020,,,,,,,
33,10,10,10,10,10,10,8,10,10,8,10,10,10,10,8,8,10,10,10,10,10,8,10,10,4,0.934,93020,,,,,,,
34,10,10,10,10,10,10,8,10,10,8,10,10,10,10,8,8,10,10,10,10,10,8,10,10,4,0.934,93020,13.220,15/5/2015,B0= DESCARGA ATMOSFERICA,SE ENCONTRÓ FALMEO DE EVIDENCIA DEL ARCO ELÉCTRICO EN CADENA DE AISLAMIENTO DE LA FASE “A” EN LA ESTRUCTURA NO. 34.,,15/5/2015,1
35,10,10,10,10,10,10,8,10,10,8,10,10,10,10,8,8,10,10,10,10,10,8,10,10,4,0.934,93020,,,,,,,
36,10,10,10,10,10,10,8,10,10,8,10,10,10,10,8,8,10,10,10,10,10,8,10,10,4,0.934,93020,,,,,,,
37,10,10,10,10,10,10,8,10,10,8,10,10,10,10,8,8,10,10,10,10,10,8,10,10,4,0.934,93020,,,,,,,
38,10,10,10,10,10,10,8,10,10,8,10,10,10,10,8,8,10,10,10,10,10,8,10,10,4,0.934,93020,,,,,,,
39,10,10,10,10,10,10,8,10,10,8,10,10,10,10,8,8,10,10,10,10,10,8,10,10,4,0.934,93020,,,,,,,
40,10,10,10,10,10,10,8,10,10,8,10,10,10,10,8,8,10,10,10,10,10,8,10,10,4,0.934,93020,,,,,,,
41,10,10,10,10,10,10,8,10,10,8,10,10,10,10,8,8,10,10,10,10,10,8,10,10,4,0.934,93020,,,,,,,
42,10,10,10,10,10,10,8,10,10,8,10,10,10,10,8,8,10,10,10,10,10,8,10,10,4,0.934,93020,,,,,,,
43,10,10,10,10,10,10,8,10,10,8,10,10,10,10,8,8,10,10,10,10,10,8,10,10,4,0.934,93020,,,,,,,
44,10,10,10,10,10,10,8,10,10,8,10,10,10,10,8,8,10,10,10,10,10,8,10,10,4,0.934,93020,,,,,,,
45,10,10,10,10,10,10,8,10,10,8,10,10,10,10,8,8,10,10,10,10,10,8,4,10,4,0.916,93020,,,,,,,
46,10,10,10,10,10,10,8,10,10,8,10,10,10,10,8,8,10,10,10,10,10,8,4,10,4,0.916,93020,,,,,,,
47,10,10,10,10,10,10,8,10,10,8,10,10,10,10,8,8,10,10,10,10,10,8,4,10,4,0.916,93020,,,,,,,
48,10,10,10,10,10,10,8,10,10,8,10,10,10,10,8,8,10,10,10,10,10,8,4,10,4,0.916,93020,,,,,,,
49,6,10,10,10,10,10,8,10,10,8,10,10,10,10,8,8,10,10,10,10,10,8,4,10,4,0.876,93020,,,,,,,
50,10,10,10,10,10,10,8,10,10,8,10,10,10,10,8,8,10,10,10,10,10,8,4,10,4,0.916,93020,,,,,,,
51,10,10,10,10,10,10,8,10,10,8,10,10,10,10,8,8,10,10,10,10,10,8,4,10,4,0.916,93020,19.930,1/4/2012,B0= DESCARGA ATMOSFERICA,"CADENA FLAMEADA EN ESTRUCTURA No. 51, FASE ""A"", POR DESCARGA ATMOSFERICA.",,1/4/2012,1
52,10,10,10,10,10,10,8,10,10,8,10,10,10,10,8,8,10,10,10,10,10,8,4,10,4,0.916,93020,,,,,,,
53,10,10,10,10,10,10,8,10,10,8,10,10,10,10,8,8,10,10,10,10,10,8,4,10,4,0.916,93020,,,,,,,
54,10,10,10,10,10,10,8,10,10,8,10,10,10,10,8,8,10,10,10,10,10,8,4,10,4,0.916,93020,21.920,28/9/2012,B0= DESCARGA ATMOSFERICA,"CADENA FLAMEADA EN ESTRUCTURA No. 54, FASE ""B"", POR DESCARGA ATMOSFERICA.",,28/9/2012,1
55,10,10,10,10,10,10,8,10,10,8,10,10,10,10,8,8,10,10,10,10,10,8,4,10,4,0.916,93020,,,,,,,
56,10,10,10,10,10,10,8,10,10,8,10,10,10,10,8,8,10,10,10,10,10,8,4,10,4,0.916,93020,,,,,,,
57,10,10,10,10,10,10,8,10,10,8,10,10,10,10,8,8,10,10,10,10,10,8,4,10,4,0.916,93020,,,,,,,
58,10,10,10,10,10,10,8,10,10,8,10,10,10,10,8,8,10,10,10,10,10,8,4,10,4,0.916,93020,,,,,,,
1,10,6,10,10,10,10,10,10,10,10,10,10,10,10,10,10,10,10,10,10,10,8,10,0,10,0.944,A3L60,,,,,,,
2,10,6,10,10,10,10,10,10,10,10,10,10,10,10,10,10,10,10,10,10,10,8,10,0,10,0.944,A3L60,,,,,,,
3,10,6,10,10,10,10,10,10,10,10,10,10,10,10,10,10,10,10,10,10,10,8,10,0,10,0.944,A3L60,,,,,,,
4,10,6,10,10,10,10,10,10,10,10,10,10,10,10,10,10,10,10,10,10,10,8,10,0,10,0.944,A3L60,,,,,,,
5,10,6,10,10,10,10,10,10,10,10,10,10,10,10,10,10,10,10,10,10,10,8,10,0,10,0.944,A3L60,,,,,,,
6,10,6,10,10,10,10,10,10,10,10,10,10,10,10,10,10,10,10,10,10,10,8,10,0,10,0.944,A3L60,,,,,,,
7,10,10,10,10,10,10,10,10,10,10,10,10,10,10,10,10,10,10,10,10,10,8,10,0,10,0.984,A3L60,,,,,,,
8,10,10,10,10,10,10,10,10,10,10,10,10,10,10,10,10,10,10,10,10,10,8,10,0,10,0.984,A3L60,,,,,,,
9,10,10,10,10,10,10,10,10,10,10,10,10,10,10,10,10,10,10,10,10,10,8,10,0,10,0.984,A3L60,,,,,,,
10,10,6,10,10,10,10,10,10,10,10,10,10,10,10,10,10,10,10,10,10,10,8,10,0,10,0.944,A3L60,,,,,,,
11,10,4,10,10,10,10,10,10,10,10,10,10,10,10,10,10,10,10,10,10,10,8,10,0,10,0.924,A3L60,,,,,,,
12,10,4,10,10,10,10,10,10,10,10,10,10,10,10,10,10,10,10,10,10,10,8,10,0,10,0.924,A3L60,,,,,,,
13,10,4,10,10,10,10,10,10,10,10,10,10,10,10,10,10,10,10,10,10,10,8,10,0,10,0.924,A3L60,,,,,,,
14,10,4,10,10,10,10,10,10,10,10,10,10,10,10,10,10,10,10,10,10,10,8,10,0,10,0.924,A3L60,,,,,,,
15,10,6,10,10,10,10,10,10,10,10,10,10,10,10,10,10,10,10,10,10,10,8,10,0,10,0.944,A3L60,,,,,,,
16,10,10,10,10,10,10,10,10,10,10,10,10,10,10,10,10,10,10,10,10,10,8,10,0,10,0.984,A3L60,,,,,,,
17,10,4,10,10,10,10,10,10,10,10,10,10,10,10,10,10,10,10,10,10,10,8,10,0,10,0.924,A3L60,,,,,,,
18,10,10,10,10,10,10,10,10,10,10,10,10,10,10,10,10,10,10,10,10,10,8,10,0,10,0.984,A3L60,,,,,,,
19,10,10,10,10,10,10,10,10,10,10,10,10,10,10,10,10,10,10,10,10,10,8,10,0,10,0.984,A3L60,,,,,,,
20,10,10,10,10,10,10,10,10,10,10,10,10,10,10,10,10,10,10,10,10,10,8,10,0,10,0.984,A3L60,,,,,,,
21,10,10,10,10,10,10,10,10,10,10,10,10,10,10,10,10,10,10,10,10,10,8,10,0,10,0.984,A3L60,,,,,,,
22,10,10,10,10,10,10,10,10,10,10,10,10,10,10,10,10,10,10,10,10,10,8,10,0,10,0.984,A3L60,,,,,,,
23,10,10,10,10,10,10,10,10,10,10,10,10,10,10,10,10,10,10,10,10,10,8,10,0,10,0.984,A3L60,,,,,,,
24,10,10,10,10,10,10,10,10,10,10,10,10,10,10,10,10,10,10,10,10,10,8,10,0,10,0.984,A3L60,,,,,,,
25,10,10,10,10,10,10,10,10,10,10,10,10,10,10,10,10,10,10,10,10,10,8,10,0,10,0.984,A3L60,,,,,,,
26,10,10,10,10,10,10,10,10,10,10,10,10,10,10,10,10,10,10,10,10,10,8,10,0,10,0.984,A3L60,,,,,,,
27,10,10,10,10,10,10,10,10,10,10,10,10,10,10,10,10,10,10,10,10,10,8,10,0,10,0.984,A3L60,,,,,,,
28,10,10,10,10,10,10,10,10,10,10,10,10,10,10,10,10,10,10,10,10,10,8,10,0,10,0.984,A3L60,,,,,,,
29,10,10,10,10,10,10,10,10,10,10,10,10,10,10,10,10,10,10,10,10,10,8,10,0,10,0.984,A3L60,,,,,,,
30,10,10,10,10,10,10,10,10,10,10,10,10,10,10,10,10,10,10,10,10,10,8,10,0,10,0.984,A3L60,,,,,,,
31,10,10,10,10,10,10,10,10,10,10,10,10,10,10,10,10,10,10,10,10,10,8,10,0,10,0.984,A3L60,,,,,,,
32,10,10,10,10,10,10,10,10,10,10,10,10,10,10,10,10,10,10,10,10,10,8,10,0,10,0.984,A3L60,,,,,,,
33,10,10,10,10,10,10,10,10,10,10,10,10,10,10,10,10,10,10,10,10,10,8,10,0,10,0.984,A3L60,,,,,,,
34,10,10,10,10,10,10,10,10,10,10,10,10,10,10,10,10,10,10,10,10,10,8,10,0,10,0.984,A3L60,,,,,,,
35,10,10,10,10,10,10,10,10,10,10,10,10,10,10,10,10,10,10,10,10,10,8,10,0,10,0.984,A3L60,,,,,,,
36,10,10,10,10,10,10,10,10,10,10,10,10,10,10,10,10,10,10,10,10,10,8,10,0,10,0.984,A3L60,,,,,,,
37,10,10,10,10,10,10,10,10,10,10,10,10,10,10,10,10,10,10,10,10,10,8,10,0,10,0.984,A3L60,,,,,,,
38,10,10,10,10,10,10,10,10,10,10,10,10,10,10,10,10,10,10,10,10,10,8,10,0,10,0.984,A3L60,,,,,,,
39,10,10,10,10,10,10,10,10,10,10,10,10,10,10,10,10,10,10,10,10,10,8,10,0,10,0.984,A3L60,,,,,,,
40,10,10,10,10,10,10,10,10,10,10,10,10,10,10,10,10,10,10,10,10,10,8,10,0,10,0.984,A3L60,,,,,,,
41,10,4,10,10,10,10,10,10,10,10,10,10,10,10,10,10,10,10,10,10,10,8,10,0,10,0.924,A3L60,,,,,,,
42,10,4,10,10,10,10,10,10,10,10,10,10,10,10,10,10,10,10,10,10,10,8,10,0,10,0.924,A3L60,,,,,,,
43,10,4,10,10,10,10,10,10,10,10,10,10,10,10,10,10,10,10,10,10,10,8,10,0,10,0.924,A3L60,,,,,,,
44,10,4,10,10,10,10,10,10,10,10,10,10,10,10,10,10,10,10,10,10,10,8,10,0,10,0.924,A3L60,,,,,,,
45,10,4,10,10,10,10,10,10,10,10,10,10,10,10,10,10,10,10,10,10,10,8,10,0,10,0.924,A3L60,,,,,,,
46,10,4,10,10,10,10,10,10,10,10,10,10,10,10,10,10,10,10,10,10,10,8,10,0,10,0.924,A3L60,,,,,,,
47,10,4,10,10,10,10,10,10,10,10,10,10,10,10,10,10,10,10,10,10,10,8,10,0,10,0.924,A3L60,,,,,,,
48,10,4,10,10,10,10,10,10,10,10,10,10,10,10,10,10,10,10,10,10,10,8,10,0,10,0.924,A3L60,,,,,,,
49,10,4,10,10,10,10,10,10,10,10,10,10,10,10,10,10,10,10,10,10,10,8,10,0,10,0.924,A3L60,,,,,,,
50,10,4,10,10,10,10,10,10,10,10,10,10,10,10,10,10,10,10,10,10,10,8,10,0,10,0.924,A3L60,,,,,,,
51,10,10,10,10,10,10,10,10,10,10,10,10,10,10,10,10,10,10,10,10,10,8,10,0,10,0.984,A3L60,,,,,,,
52,10,10,10,10,10,10,10,10,10,10,10,10,10,10,10,10,10,10,10,10,10,8,10,0,10,0.984,A3L60,,,,,,,
53,10,10,10,10,10,10,10,10,10,10,10,10,10,10,10,10,10,10,10,10,10,8,10,0,10,0.984,A3L60,,,,,,,
54,10,10,10,10,10,10,10,10,10,10,10,10,10,10,10,10,10,10,10,10,10,8,10,0,10,0.984,A3L60,,,,,,,
55,10,10,10,10,10,10,10,10,10,10,10,10,10,10,10,10,10,10,10,10,10,8,10,0,10,0.984,A3L60,,,,,,,
56,10,10,10,10,10,10,10,10,10,10,10,10,10,10,10,10,10,10,10,10,10,8,10,0,10,0.984,A3L60,,,,,,,
57,10,10,10,10,10,10,10,10,10,10,10,10,10,10,10,10,10,10,10,10,10,8,10,0,10,0.984,A3L60,,,,,,,
58,10,10,10,10,10,10,10,10,10,10,10,10,10,10,10,10,10,10,10,10,10,8,10,10,10,0.994,A3L60,,,,,,,
59,10,10,10,10,10,10,10,10,10,10,10,10,10,10,10,10,10,10,10,10,10,8,10,10,10,0.994,A3L60,,,,,,,
60,10,10,10,10,10,10,10,10,10,10,10,10,10,10,10,10,10,10,10,10,10,8,10,10,10,0.994,A3L60,,,,,,,
61,10,10,10,10,10,10,10,10,10,10,10,10,10,10,10,10,10,10,10,10,10,8,10,10,10,0.994,A3L60,,,,,,,
62,10,10,10,10,10,10,10,10,10,10,10,10,10,10,10,10,10,10,10,10,10,8,10,10,10,0.994,A3L60,,,,,,,
63,10,10,10,10,10,10,10,10,10,10,10,10,10,10,10,10,10,10,10,10,10,8,10,10,10,0.994,A3L60,,,,,,,
64,10,10,10,10,10,10,10,10,10,10,10,10,10,10,10,10,10,10,10,10,10,8,10,10,10,0.994,A3L60,,,,,,,
65,10,10,10,10,10,10,10,10,10,10,10,10,10,10,10,10,10,10,10,10,10,8,10,10,10,0.994,A3L60,,,,,,,
66,10,10,10,10,10,10,10,10,10,10,10,10,10,10,10,10,10,10,10,10,10,8,10,10,10,0.994,A3L60,,,,,,,
67,10,10,10,10,10,10,10,10,10,10,10,10,10,10,10,10,10,10,10,10,10,8,10,10,10,0.994,A3L60,,,,,,,
68,10,10,10,10,10,10,10,10,10,10,10,10,10,10,10,10,10,10,10,10,10,8,10,10,10,0.994,A3L60,,,,,,,
69,10,10,10,10,10,10,10,10,10,10,10,10,10,10,10,10,10,10,10,10,10,8,10,10,10,0.994,A3L60,,,,,,,
70,10,10,10,10,10,10,10,10,10,10,10,10,10,10,10,10,10,10,10,10,10,8,10,10,10,0.994,A3L60,,,,,,,
71,10,10,10,10,10,10,10,10,10,10,10,10,10,10,10,10,10,10,10,10,10,8,10,10,10,0.994,A3L60,,,,,,,
72,10,10,10,10,10,10,10,10,10,10,10,10,10,10,10,10,10,10,10,10,10,8,10,10,10,0.994,A3L60,,,,,,,
73,10,10,10,10,10,10,10,10,10,10,10,10,10,10,10,10,10,10,10,10,10,8,10,10,10,0.994,A3L60,,,,,,,
74,10,10,10,10,10,10,10,10,10,10,10,10,10,10,10,10,10,10,10,10,10,8,10,10,10,0.994,A3L60,,,,,,,
75,10,10,10,10,10,10,10,10,10,10,10,10,10,10,10,10,10,10,10,10,10,8,10,10,10,0.994,A3L60,,,,,,,
76,10,10,10,10,10,10,10,10,10,10,10,10,10,10,10,10,10,10,10,10,10,8,10,10,10,0.994,A3L60,,,,,,,
77,10,10,10,10,10,10,10,10,10,10,10,10,10,10,10,10,10,10,10,10,10,8,10,10,10,0.994,A3L60,,,,,,,
78,10,10,10,10,10,10,10,10,10,10,10,10,10,10,10,10,10,10,10,10,10,8,10,10,10,0.994,A3L60,,,,,,,
79,10,10,10,10,10,10,10,10,10,10,10,10,10,10,10,10,10,10,10,10,10,8,10,10,10,0.994,A3L60,,,,,,,
80,10,10,10,10,10,10,10,10,10,10,10,10,10,10,10,10,10,10,10,10,10,8,10,10,10,0.994,A3L60,,,,,,,
81,10,10,10,10,10,10,10,10,10,10,10,10,10,10,10,10,10,10,10,10,10,8,10,10,10,0.994,A3L60,,,,,,,
82,10,10,10,10,10,10,10,10,10,10,10,10,10,10,10,10,10,10,10,10,10,8,10,10,10,0.994,A3L60,,,,,,,
83,10,10,10,10,10,10,10,10,10,10,10,10,10,10,10,10,10,10,10,10,10,8,10,10,10,0.994,A3L60,,,,,,,
84,10,10,10,10,10,10,10,10,10,10,10,10,10,10,10,10,10,10,10,10,10,8,10,10,10,0.994,A3L60,,,,,,,
85,10,10,10,10,10,10,10,10,10,10,10,10,10,10,10,10,10,10,10,10,10,8,10,10,10,0.994,A3L60,,,,,,,
86,10,10,10,10,10,10,10,10,10,10,10,10,10,10,10,10,10,10,10,10,10,8,10,10,10,0.994,A3L60,,,,,,,
87,10,10,10,10,10,10,10,10,10,10,10,10,10,10,10,10,10,10,10,10,10,8,10,10,10,0.994,A3L60,,,,,,,
88,10,10,10,10,10,10,10,10,10,10,10,10,10,10,10,10,10,10,10,10,10,8,10,10,10,0.994,A3L60,,,,,,,
89,10,10,10,10,10,10,10,10,10,10,10,10,10,10,10,10,10,10,10,10,10,8,10,10,10,0.994,A3L60,,,,,,,
90,10,10,10,10,10,10,10,10,10,10,10,10,10,10,10,10,10,10,10,10,10,8,10,10,10,0.994,A3L60,,,,,,,
91,10,10,10,10,10,10,10,10,10,10,10,10,10,10,10,10,10,10,10,10,10,8,10,10,10,0.994,A3L60,,,,,,,
92,10,10,10,10,10,10,10,10,10,10,10,10,10,10,10,10,10,10,10,10,10,8,10,10,10,0.994,A3L60,,,,,,,
93,10,10,10,10,10,10,10,10,10,10,10,10,10,10,10,10,10,10,10,10,10,8,10,10,10,0.994,A3L60,,,,,,,
94,10,10,10,10,10,10,10,10,10,10,10,10,10,10,10,10,10,10,10,10,10,8,10,10,10,0.994,A3L60,,,,,,,
95,10,10,10,10,10,10,10,10,10,10,10,10,10,10,10,10,10,10,10,10,10,8,10,10,10,0.994,A3L60,,,,,,,
96,10,10,10,10,10,10,10,10,10,10,10,10,10,10,10,10,10,10,10,10,10,8,10,10,10,0.994,A3L60,,,,,,,
97,10,10,10,10,10,10,10,10,10,10,10,10,10,10,10,10,10,10,10,10,10,8,10,10,10,0.994,A3L60,,,,,,,
98,10,10,10,10,10,10,10,10,10,10,10,10,10,10,10,10,10,10,10,10,10,8,10,10,10,0.994,A3L60,,,,,,,
99,10,10,10,10,10,10,10,10,10,10,10,10,10,10,10,10,10,10,10,10,10,8,10,10,10,0.994,A3L60,,,,,,,
100,10,10,10,10,10,10,10,10,10,10,10,10,10,10,10,10,10,10,10,10,10,8,10,10,10,0.994,A3L60,,,,,,,
101,10,10,10,10,10,10,10,10,10,10,10,10,10,10,10,10,10,10,10,10,10,8,10,10,10,0.994,A3L60,,,,,,,
102,10,10,10,10,10,10,10,10,10,10,10,10,10,10,10,10,10,10,10,10,10,8,10,10,10,0.994,A3L60,,,,,,,
103,10,10,10,10,10,10,10,10,10,10,10,10,10,10,10,10,10,10,10,10,10,8,10,10,10,0.994,A3L60,,,,,,,
104,10,10,10,10,10,10,10,10,10,10,10,10,10,10,10,10,10,10,10,10,10,8,10,10,10,0.994,A3L60,,,,,,,
105,10,10,10,10,10,10,10,10,10,10,10,10,10,10,10,10,10,10,10,10,10,8,10,10,10,0.994,A3L60,,,,,,,
106,10,10,10,10,10,10,10,10,10,10,10,10,10,10,10,10,10,10,10,10,10,8,10,10,10,0.994,A3L60,,,,,,,
107,10,10,10,10,10,10,10,10,10,10,10,10,10,10,10,10,10,10,10,10,10,8,10,10,10,0.994,A3L60,,,,,,,
108,10,10,10,10,10,10,10,10,10,10,10,10,10,10,10,10,10,10,10,10,10,8,10,10,10,0.994,A3L60,,,,,,,
109,10,10,10,10,10,10,10,10,10,10,10,10,10,10,10,10,10,10,10,10,10,8,10,10,10,0.994,A3L60,,,,,,,
110,10,10,10,10,10,10,10,10,10,10,10,10,10,10,10,10,10,10,10,10,10,8,10,10,10,0.994,A3L60,,,,,,,
111,10,10,10,10,10,10,10,10,10,10,10,10,10,10,10,10,10,10,10,10,10,8,10,10,10,0.994,A3L60,,,,,,,
112,10,10,10,10,10,10,10,10,10,10,10,10,10,10,10,10,10,10,10,10,10,8,10,10,10,0.994,A3L60,,,,,,,
113,10,10,10,10,10,10,10,10,10,10,10,10,10,10,10,10,10,10,10,10,10,8,10,10,10,0.994,A3L60,,,,,,,
114,10,10,10,10,10,10,10,10,10,10,10,10,10,10,10,10,10,10,10,10,10,8,10,10,10,0.994,A3L60,,,,,,,
115,10,10,10,10,10,10,10,10,10,10,10,10,10,10,10,10,10,10,10,10,10,8,10,10,10,0.994,A3L60,,,,,,,
116,10,10,10,10,10,10,10,10,10,10,10,10,10,10,10,10,10,10,10,10,10,8,10,10,10,0.994,A3L60,,,,,,,
117,10,10,10,10,10,10,10,10,10,10,10,10,10,10,10,10,10,10,10,10,10,8,10,10,10,0.994,A3L60,,,,,,,
118,10,10,10,10,10,10,10,10,10,10,10,10,10,10,10,10,10,10,10,10,10,8,10,10,10,0.994,A3L60,,,,,,,
119,10,10,10,10,10,10,10,10,10,10,10,10,10,10,10,10,10,10,10,10,10,8,10,10,10,0.994,A3L60,,,,,,,
120,10,10,10,10,10,10,10,10,10,10,10,10,10,10,10,10,10,10,10,10,10,8,10,10,10,0.994,A3L60,,,,,,,
121,10,10,10,10,10,10,10,10,10,10,10,10,10,10,10,10,10,10,10,10,10,8,10,10,10,0.994,A3L60,,,,,,,
122,10,10,10,10,10,10,10,10,10,10,10,10,10,10,10,10,10,10,10,10,10,8,10,10,10,0.994,A3L60,,,,,,,
123,10,10,10,10,10,10,10,10,10,10,10,10,10,10,10,10,10,10,10,10,10,8,10,10,10,0.994,A3L60,,,,,,,
124,10,10,10,10,10,10,10,10,10,10,10,10,10,10,10,10,10,10,10,10,10,8,10,10,10,0.994,A3L60,,,,,,,
125,10,10,10,10,10,10,10,10,10,10,10,10,10,10,10,10,10,10,10,10,10,8,10,10,10,0.994,A3L60,,,,,,,
126,10,10,10,10,10,10,10,10,10,10,10,10,10,10,10,10,10,10,10,10,10,8,10,10,10,0.994,A3L60,,,,,,,
127,10,10,10,10,10,10,10,10,10,10,10,10,10,10,10,10,10,10,10,10,10,8,10,10,10,0.994,A3L60,,,,,,,
128,10,10,10,10,10,10,10,10,10,10,10,10,10,10,10,10,10,10,10,10,10,8,10,10,10,0.994,A3L60,,,,,,,
129,10,10,10,10,10,10,10,10,10,10,10,10,10,10,10,10,10,10,10,10,10,8,10,10,10,0.994,A3L60,,,,,,,
130,10,10,10,10,10,10,10,10,10,10,10,10,10,10,10,10,10,10,10,10,10,8,10,10,10,0.994,A3L60,,,,,,,
131,10,10,10,10,10,10,10,10,10,10,10,10,10,10,10,10,10,10,10,10,10,8,10,10,10,0.994,A3L60,,,,,,,
132,10,10,10,10,10,10,10,10,10,10,10,10,10,10,10,10,10,10,10,10,10,8,10,10,10,0.994,A3L60,,,,,,,
133,10,10,10,10,10,10,10,10,10,10,10,10,10,10,10,10,10,10,10,10,10,8,10,10,10,0.994,A3L60,,,,,,,
134,10,10,10,10,10,10,10,10,10,10,10,10,10,10,10,10,10,10,10,10,10,8,10,10,10,0.994,A3L60,,,,,,,
135,10,10,10,10,10,10,10,10,10,10,10,10,10,10,10,10,10,10,10,10,10,8,10,10,10,0.994,A3L60,,,,,,,
136,10,10,10,10,10,10,10,10,10,10,10,10,10,10,10,10,10,10,10,10,10,8,10,10,10,0.994,A3L60,,,,,,,
137,10,10,10,10,10,10,10,10,10,10,10,10,10,10,10,10,10,10,10,10,10,8,10,10,10,0.994,A3L60,,,,,,,
138,10,10,10,10,10,10,10,10,10,10,10,10,10,10,10,10,10,10,10,10,10,8,10,10,10,0.994,A3L60,,,,,,,
139,10,10,10,10,10,10,10,10,10,10,10,10,10,10,10,10,10,10,10,10,10,8,10,10,10,0.994,A3L60,,,,,,,
140,10,10,10,10,10,10,10,10,10,10,10,10,10,10,10,10,10,10,10,10,10,8,10,10,10,0.994,A3L60,,,,,,,
141,10,10,10,10,10,10,10,10,10,10,10,10,10,10,10,10,10,10,10,10,10,8,10,10,10,0.994,A3L60,,,,,,,
142,10,10,10,10,10,10,10,10,10,10,10,10,10,10,10,10,10,10,10,10,10,8,10,10,10,0.994,A3L60,,,,,,,
143,10,10,10,10,10,10,10,10,10,10,10,10,10,10,10,10,10,10,10,10,10,8,10,10,10,0.994,A3L60,,,,,,,
144,10,10,10,10,10,10,10,10,10,10,10,10,10,10,10,10,10,10,10,10,10,8,10,10,10,0.994,A3L60,,,,,,,
145,10,10,10,10,10,10,10,10,10,10,10,10,10,10,10,10,10,10,10,10,10,8,10,10,10,0.994,A3L60,,,,,,,
146,10,10,10,10,10,10,10,10,10,10,10,10,10,10,10,10,10,10,10,10,10,8,10,10,10,0.994,A3L60,,,,,,,
147,10,10,10,10,10,10,10,10,10,10,10,10,10,10,10,10,10,10,10,10,10,8,10,10,10,0.994,A3L60,,,,,,,
148,10,10,10,10,10,10,10,10,10,10,10,10,10,10,10,10,10,10,10,10,10,8,10,10,10,0.994,A3L60,,,,,,,
149,10,10,10,10,10,10,10,10,10,10,10,10,10,10,10,10,10,10,10,10,10,8,10,10,10,0.994,A3L60,,,,,,,
150,10,10,10,10,10,10,10,10,10,10,10,10,10,10,10,10,10,10,10,10,10,8,10,10,10,0.994,A3L60,,,,,,,
151,10,10,10,10,10,10,10,10,10,10,10,10,10,10,10,10,10,10,10,10,10,8,10,10,10,0.994,A3L60,,,,,,,
152,10,10,10,10,10,10,10,10,10,10,10,10,10,10,10,10,10,10,10,10,10,8,10,10,10,0.994,A3L60,,,,,,,
153,10,10,10,10,10,10,10,10,10,10,10,10,10,10,10,10,10,10,10,10,10,8,10,10,10,0.994,A3L60,,,,,,,
154,10,10,10,10,10,10,10,10,10,10,10,10,10,10,10,10,10,10,10,10,10,8,10,10,10,0.994,A3L60,,,,,,,
155,10,10,10,10,10,10,10,10,10,10,10,10,10,10,10,10,10,10,10,10,10,8,10,10,10,0.994,A3L60,,,,,,,
156,10,10,10,10,10,10,10,10,10,10,10,10,10,10,10,10,10,10,10,10,10,8,10,10,10,0.994,A3L60,,,,,,,
157,10,10,10,10,10,10,10,10,10,10,10,10,10,10,10,10,10,10,10,10,10,8,10,10,10,0.994,A3L60,,,,,,,
158,10,10,10,10,10,10,10,10,10,10,10,10,10,10,10,10,10,10,10,10,10,8,10,10,10,0.994,A3L60,,,,,,,
159,10,10,10,10,10,10,10,10,10,10,10,10,10,10,10,10,10,10,10,10,10,8,10,10,10,0.994,A3L60,,,,,,,
160,10,10,10,10,10,10,10,10,10,10,10,10,10,10,10,10,10,10,10,10,10,8,10,10,10,0.994,A3L60,,,,,,,
161,10,10,10,10,10,10,10,10,10,10,10,10,10,10,10,10,10,10,10,10,10,8,10,10,10,0.994,A3L60,,,,,,,
162,10,10,10,10,10,10,10,10,10,10,10,10,10,10,10,10,10,10,10,10,10,8,10,10,10,0.994,A3L60,,,,,,,
163,10,10,10,10,10,10,10,10,10,10,10,10,10,10,10,10,10,10,10,10,10,8,10,10,10,0.994,A3L60,,,,,,,
164,10,10,10,10,10,10,10,10,10,10,10,10,10,10,10,10,10,10,10,10,10,8,10,10,10,0.994,A3L60,,,,,,,
165,10,10,10,10,10,10,10,10,10,10,10,10,10,10,10,10,10,10,10,10,10,8,10,10,10,0.994,A3L60,,,,,,,
1,6,10,10,10,10,10,8,10,10,8,10,10,10,10,10,10,10,10,10,10,10,8,10,10,4,0.908,93680,,,,,,,
2,6,10,10,10,10,10,8,10,10,8,10,10,10,10,10,10,10,10,10,10,10,8,10,10,4,0.908,93680,0.500,04/05/2009,C0= VIENTOS FUERTES,"ARQUEO DEL CONDUCTOR DE LA FASE ""B"" A POSTE DE RETENIDA DE CIRCUITO DE DISTRIBUCION DE BAJA TENSION,  EN CLARO DE ESTRUCTURAS Nos. 2 Y 3, PROVOCADO POR FUERTES VIENTOS",,04/05/2009,2
3,6,10,10,10,10,10,8,10,10,8,10,10,10,10,10,10,10,10,10,10,10,8,10,10,4,0.908,93680,,,,,,,
4,6,10,10,10,10,10,8,10,10,8,10,10,10,10,10,10,10,10,10,10,10,8,10,10,4,0.908,93680,,,,,,,
5,6,10,10,10,10,10,8,10,10,8,10,10,10,10,10,10,10,10,10,10,10,8,10,10,4,0.908,93680,,,,,,,
6,6,10,10,10,10,10,8,10,10,8,10,10,10,10,10,10,10,10,10,10,10,8,10,10,4,0.908,93680,,,,,,,
7,6,10,10,10,10,10,8,10,10,8,10,10,10,10,10,10,10,10,10,10,10,8,10,10,4,0.908,93680,,,,,,,
8,6,10,10,10,10,10,8,10,10,8,10,10,10,10,10,10,10,10,10,10,10,8,10,10,4,0.908,93680,,,,,,,
9,6,10,10,10,10,10,8,10,10,8,10,10,10,10,10,10,10,10,10,10,10,8,10,10,4,0.908,93680,,,,,,,
10,6,10,10,10,10,10,8,10,10,8,10,10,10,10,10,10,10,10,10,10,10,8,10,10,4,0.908,93680,,,,,,,
11,6,10,10,10,10,10,8,10,10,8,10,10,10,10,10,10,10,10,10,10,10,8,10,10,4,0.908,93680,,,,,,,
12,6,10,10,10,10,10,8,10,10,8,10,10,10,10,10,10,10,10,10,10,10,8,10,10,4,0.908,93680,,,,,,,
13,6,10,10,10,10,10,8,10,10,8,10,10,10,10,10,10,10,10,10,10,10,8,10,10,4,0.908,93680,,,,,,,
14,6,10,10,10,10,10,8,10,10,8,10,10,10,10,10,10,10,10,10,10,10,8,10,10,4,0.908,93680,,,,,,,
15,6,10,10,10,10,10,8,10,10,8,10,10,10,10,10,10,10,10,10,10,10,8,10,10,4,0.908,93680,,,,,,,
16,6,10,10,10,10,10,8,10,10,8,10,10,10,10,10,10,10,10,10,10,10,8,10,10,4,0.908,93680,,,,,,,
17,6,10,10,10,10,10,8,10,10,8,10,10,10,10,10,10,10,10,10,10,10,8,10,10,4,0.908,93680,,,,,,,
18,6,10,10,10,10,10,8,10,10,8,10,10,10,10,10,10,10,10,10,10,10,8,10,10,4,0.908,93680,,,,,,,
19,6,10,10,10,10,10,10,10,10,10,10,10,10,10,10,10,10,10,10,10,10,8,10,10,10,0.954,93680,,,,,,,
20,6,10,10,10,10,10,10,10,10,10,10,10,10,10,10,10,10,10,10,10,10,8,10,10,10,0.954,93680,,,,,,,
21,10,10,10,10,10,10,10,10,10,10,10,10,10,10,10,10,10,10,10,10,10,8,10,10,10,0.994,93680,,,,,,,
22,10,10,10,10,10,10,10,10,10,10,10,10,10,10,10,10,10,10,10,10,10,8,10,10,10,0.994,93680,,,,,,,
23,10,10,10,10,10,10,10,10,10,10,10,10,10,10,10,10,10,10,10,10,10,8,10,10,10,0.994,93680,,,,,,,
24,10,10,10,10,10,10,10,10,10,10,10,10,10,10,10,10,10,10,10,10,10,8,10,10,10,0.994,93680,,,,,,,
25,10,10,10,10,10,10,10,10,10,10,10,10,10,10,10,10,10,10,10,10,10,8,10,10,10,0.994,93680,,,,,,,
26,10,10,10,10,10,10,10,10,10,10,10,10,10,10,10,10,10,10,10,10,10,8,10,10,10,0.994,93680,,,,,,,
27,10,10,10,10,10,10,10,10,10,10,10,10,10,10,10,10,10,10,10,10,10,8,10,10,10,0.994,93680,,,,,,,
28,10,10,10,10,10,10,10,10,10,10,10,10,10,10,10,10,10,10,10,10,10,8,10,10,10,0.994,93680,,,,,,,
29,10,10,10,10,10,10,10,10,10,10,10,10,10,10,10,10,10,10,10,10,10,8,10,10,10,0.994,93680,,,,,,,
30,10,10,10,10,10,10,10,10,10,10,10,10,10,10,10,10,10,10,10,10,10,8,10,10,10,0.994,93680,,,,,,,
31,10,10,10,10,10,10,10,10,10,10,10,10,10,10,10,10,10,10,10,10,10,8,10,10,10,0.994,93680,,,,,,,
32,10,10,10,10,10,10,10,10,10,10,10,10,10,10,10,10,10,10,10,10,10,8,10,10,10,0.994,93680,,,,,,,
33,10,10,10,10,10,10,10,10,10,10,10,10,10,10,10,10,10,10,10,10,10,8,10,10,10,0.994,93680,,,,,,,
34,10,10,10,10,10,10,10,10,10,10,10,10,10,10,10,10,10,10,10,10,10,8,10,10,10,0.994,93680,,,,,,,
35,10,10,10,10,10,10,10,10,10,10,10,10,10,10,10,10,10,10,10,10,10,8,10,10,10,0.994,93680,,,,,,,
36,10,10,10,10,10,10,10,10,10,10,10,10,10,10,10,10,10,10,10,10,10,8,10,10,10,0.994,93680,,,,,,,
37,10,10,10,10,10,10,10,10,10,10,10,10,10,10,10,10,10,10,10,10,10,8,10,10,10,0.994,93680,,,,,,,
38,10,10,10,10,10,10,10,10,10,10,10,10,10,10,10,10,10,10,10,10,10,8,10,10,10,0.994,93680,,,,,,,
39,10,10,10,10,10,10,10,10,10,10,10,10,10,10,10,10,10,10,10,10,10,8,10,10,10,0.994,93680,,,,,,,
40,10,10,10,10,10,10,10,10,10,10,10,10,10,10,10,10,10,10,10,10,10,8,10,10,10,0.994,93680,,,,,,,
41,10,10,10,10,10,10,10,10,10,10,10,10,10,10,10,10,10,10,10,10,10,8,10,10,10,0.994,93680,,,,,,,
42,10,10,10,10,10,10,10,10,10,10,10,10,10,10,10,10,10,10,10,10,10,8,10,10,10,0.994,93680,,,,,,,
43,10,10,10,10,10,10,10,10,10,10,10,10,10,10,10,10,10,10,10,10,10,8,10,10,10,0.994,93680,,,,,,,
44,10,10,10,10,10,10,10,10,10,10,10,10,10,10,10,10,10,10,10,10,10,8,10,10,10,0.994,93680,,,,,,,
45,10,10,10,10,10,10,10,10,10,10,10,10,10,10,10,10,10,10,10,10,10,8,10,10,10,0.994,93680,,,,,,,
46,10,10,10,10,10,10,10,10,10,10,10,10,10,10,10,10,10,10,10,10,10,8,10,10,10,0.994,93680,,,,,,,
47,10,10,10,10,10,10,10,10,10,10,10,10,10,10,10,10,10,10,10,10,10,8,10,10,10,0.994,93680,,,,,,,
48,10,10,10,10,10,10,10,10,10,10,10,10,10,10,10,10,10,10,10,10,10,8,10,10,10,0.994,93680,,,,,,,
49,10,10,10,10,10,10,10,10,10,10,10,10,10,10,10,10,10,10,10,10,10,8,10,10,10,0.994,93680,,,,,,,
50,10,10,10,10,10,10,10,10,10,10,10,10,10,10,10,10,10,10,10,10,10,8,10,10,10,0.994,93680,,,,,,,
51,10,10,10,10,10,10,10,10,10,10,10,10,10,10,10,10,10,10,10,10,10,8,10,10,10,0.994,93680,,,,,,,
1,10,10,10,10,10,10,8,10,10,8,10,10,10,10,10,10,10,10,10,10,10,8,10,10,10,0.954,93610,,,,,,,
2,10,10,10,10,10,10,8,10,10,8,10,10,10,10,10,10,10,10,10,10,10,8,10,10,10,0.954,93610,,,,,,,
3,10,10,10,10,10,10,8,10,10,8,10,10,10,10,10,10,10,10,10,10,10,8,10,10,10,0.954,93610,,,,,,,
4,6,10,10,10,10,10,8,10,10,8,10,10,10,10,10,10,10,10,10,10,10,8,10,10,10,0.914,93610,,,,,,,
5,6,10,10,10,10,10,8,10,10,8,10,10,10,10,10,10,10,10,10,10,10,8,10,10,10,0.914,93610,,,,,,,
6,6,10,10,10,10,10,8,10,10,8,10,10,10,10,10,10,10,10,10,10,10,8,10,10,10,0.914,93610,,,,,,,
7,6,10,10,10,10,10,8,10,10,8,10,10,10,10,10,10,10,10,10,10,10,8,10,10,10,0.914,93610,,,,,,,
8,6,10,10,10,10,10,8,10,10,8,10,10,10,10,10,10,10,10,10,10,10,8,10,10,10,0.914,93610,,,,,,,
9,6,10,10,10,10,10,8,10,10,8,10,10,10,10,10,10,10,10,10,10,10,8,10,10,10,0.914,93610,,,,,,,
10,6,10,10,10,10,10,8,10,10,8,10,10,10,10,10,10,10,10,10,10,10,8,10,10,10,0.914,93610,,,,,,,
11,6,10,10,10,10,10,8,10,10,8,10,10,10,10,10,10,10,10,10,10,10,8,10,10,10,0.914,93610,,,,,,,
12,6,10,10,10,10,10,8,10,10,8,10,10,10,10,10,10,10,10,10,10,10,8,10,10,10,0.914,93610,,,,,,,
13,10,10,10,10,10,10,8,10,10,8,10,10,10,10,10,10,10,10,10,10,10,8,10,10,10,0.954,93610,,,,,,,
14,10,10,10,10,10,10,8,10,10,8,10,10,10,10,10,10,10,10,10,10,10,8,10,10,10,0.954,93610,,,,,,,
15,10,10,10,10,10,10,8,10,10,8,10,10,10,10,10,10,10,10,10,10,10,8,10,10,10,0.954,93610,,,,,,,
16,10,10,10,10,10,10,8,10,10,8,10,10,10,10,10,10,10,10,10,10,10,8,10,10,10,0.954,93610,,,,,,,
17,10,10,10,10,10,10,8,10,10,8,10,10,10,10,10,10,10,10,10,10,10,8,10,10,10,0.954,93610,,,,,,,
18,10,10,10,10,10,10,8,10,10,8,10,10,10,10,10,10,10,10,10,10,10,8,10,10,10,0.954,93610,,,,,,,
19,6,10,10,10,10,10,8,10,10,8,10,10,10,10,10,10,10,10,10,10,10,8,10,10,10,0.914,93610,,,,,,,
20,6,10,10,10,10,10,8,10,10,8,10,10,10,10,10,10,10,10,10,10,10,8,10,10,10,0.914,93610,,,,,,,
21,6,10,10,10,10,10,8,10,10,8,10,10,10,10,10,10,10,10,10,10,10,8,10,10,10,0.914,93610,,,,,,,
22,6,10,10,10,10,10,8,10,10,8,10,10,10,10,10,10,10,10,10,10,10,8,10,10,10,0.914,93610,,,,,,,
23,6,10,10,10,10,10,8,10,10,8,10,10,10,10,10,10,10,10,10,10,10,8,10,10,10,0.914,93610,,,,,,,
24,6,10,10,10,10,10,8,10,10,8,10,10,10,10,10,10,10,10,10,10,10,8,10,10,10,0.914,93610,,,,,,,
25,10,10,10,10,10,10,8,10,10,8,10,10,10,10,10,10,10,10,10,10,10,8,10,10,10,0.954,93610,,,,,,,
26,10,10,10,10,10,10,8,10,10,8,10,10,10,10,10,10,10,10,10,10,10,8,10,10,10,0.954,93610,,,,,,,
27,10,10,10,10,10,10,8,10,10,8,10,10,10,10,10,10,10,10,10,10,10,8,10,10,10,0.954,93610,,,,,,,
28,10,10,10,10,10,10,8,10,10,8,10,10,10,10,10,10,10,10,10,10,10,8,10,10,10,0.954,93610,,,,,,,
29,10,10,10,10,10,10,8,10,10,8,10,10,10,10,10,10,10,10,10,10,10,8,10,10,10,0.954,93610,,,,,,,
30,6,10,10,10,10,10,8,10,10,8,10,10,10,10,10,10,10,10,10,10,10,8,10,10,10,0.914,93610,,,,,,,
31,10,10,10,10,10,10,8,10,10,8,10,10,10,10,10,10,10,10,10,10,10,8,10,10,10,0.954,93610,,,,,,,
32,10,10,10,10,10,10,8,10,10,8,10,10,10,10,10,10,10,10,10,10,10,8,10,10,10,0.954,93610,,,,,,,
33,10,10,10,10,10,10,8,10,10,8,10,10,10,10,10,10,10,10,10,10,10,8,10,10,10,0.954,93610,,,,,,,
34,6,10,10,10,10,10,8,10,10,8,10,10,10,10,10,10,10,10,10,10,10,8,10,10,10,0.914,93610,,,,,,,
35,6,10,10,10,10,10,8,10,10,8,10,10,10,10,10,10,10,10,10,10,10,8,10,10,10,0.914,93610,,,,,,,
36,6,10,10,10,10,10,8,10,10,8,10,10,10,10,10,10,10,10,10,10,10,8,10,10,10,0.914,93610,,,,,,,
37,6,10,10,10,10,10,8,10,10,8,10,10,10,10,10,10,10,10,10,10,10,8,10,10,10,0.914,93610,17.300,13/08/2008,B0= DESCARGA ATMOSFERICA,"FUERTES LLUVIAS CON DESCARGAS ATMOSFERICAS AL MOMENTO DEL DISPARO CADENA DE AISLAMIENTO FLAMEADA EN LA FASE ""A""EN LA ESTRUCTURA No.23",,13/08/2008,3
38,6,10,10,10,10,10,8,10,10,8,10,10,10,10,10,10,10,10,10,10,10,8,10,10,10,0.914,93610,,,,,,,
39,6,10,10,10,10,10,8,10,10,8,10,10,10,10,10,10,10,10,10,10,10,8,10,10,10,0.914,93610,,,,,,,
40,6,10,10,10,10,10,8,10,10,8,10,10,10,10,10,10,10,10,10,10,10,8,10,10,10,0.914,93610,,,,,,,
41,6,10,10,10,10,10,8,10,10,8,10,10,10,10,10,10,10,10,10,10,10,8,10,10,10,0.914,93610,,,,,,,
42,6,10,10,10,10,10,8,10,10,8,10,10,10,10,10,10,10,10,10,10,10,8,10,10,10,0.914,93610,,,,,,,
43,10,10,10,10,10,10,8,10,10,8,10,10,10,10,10,10,10,10,10,10,10,8,10,10,10,0.954,93610,,,,,,,
44,6,10,10,10,10,10,8,10,10,8,4,10,10,10,10,10,10,10,10,10,10,8,10,10,10,0.896,93610,,,,,,,
45,6,10,10,10,10,10,8,10,10,8,10,10,10,10,10,10,10,10,10,10,10,8,10,10,10,0.914,93610,,,,,,,
46,6,10,10,10,10,10,8,10,10,8,10,10,10,10,10,10,10,10,10,10,10,8,10,10,10,0.914,93610,,,,,,,
47,6,10,10,10,10,10,8,10,10,8,10,10,10,10,10,10,10,10,10,10,10,8,10,10,10,0.914,93610,,,,,,,
48,6,10,10,10,10,10,8,10,10,4,10,10,10,10,10,10,10,10,10,10,10,8,10,10,10,0.874,93610,,,,,,,
49,6,10,10,10,10,10,8,10,10,8,10,10,10,10,10,10,10,10,10,10,10,8,10,10,10,0.914,93610,,,,,,,
50,6,10,10,10,10,10,8,10,10,8,10,10,10,10,10,10,10,10,10,10,10,8,10,10,10,0.914,93610,,,,,,,
51,6,10,10,10,10,10,8,10,10,8,10,10,10,10,10,10,10,10,10,10,10,8,10,10,10,0.914,93610,,,,,,,
52,6,10,10,10,10,10,8,10,10,8,10,10,10,10,10,10,10,10,10,10,10,8,10,10,10,0.914,93610,,,,,,,
1,6,10,10,10,10,10,8,10,10,8,10,10,10,10,10,10,10,10,10,10,10,10,10,10,4,0.914,93100,,,,,,,
2,6,10,10,10,10,10,8,10,10,8,10,10,10,10,10,10,10,10,10,10,10,8,10,10,4,0.908,93100,,,,,,,
3,6,10,10,10,10,10,8,10,10,8,10,10,10,10,10,10,10,10,10,10,10,8,10,10,4,0.908,93100,,,,,,,
4,6,10,10,10,10,10,8,10,10,8,10,10,10,10,10,10,10,10,10,10,10,8,10,10,4,0.908,93100,,,,,,,
5,6,10,10,10,10,10,8,10,10,8,10,10,10,10,10,10,10,10,10,10,10,8,10,10,4,0.908,93100,,,,,,,
6,6,10,10,10,10,10,8,10,10,8,10,10,10,10,10,10,10,10,10,10,10,8,10,10,4,0.908,93100,,,,,,,
7,6,10,10,10,10,10,8,10,10,8,10,10,10,10,10,10,10,10,10,10,10,8,10,10,4,0.908,93100,,,,,,,
8,6,10,10,10,10,10,8,10,10,8,10,10,10,10,10,10,10,10,10,10,10,8,10,10,4,0.908,93100,,,,,,,
9,6,10,10,10,10,10,8,10,10,8,10,10,10,10,10,10,10,10,10,10,10,8,10,10,4,0.908,93100,,,,,,,
10,10,10,10,10,10,10,8,10,10,8,10,10,10,10,10,10,10,10,10,10,10,8,10,10,4,0.948,93100,,,,,,,
11,10,10,10,10,10,10,8,10,10,8,10,10,10,10,10,10,10,10,10,10,10,8,10,10,4,0.948,93100,,,,,,,
12,10,10,10,10,10,10,8,10,10,8,10,10,10,10,10,10,10,10,10,10,10,8,10,10,4,0.948,93100,,,,,,,
13,6,10,10,10,10,10,8,10,10,8,10,10,10,10,10,10,10,10,10,10,10,8,10,10,4,0.908,93100,,,,,,,
14,6,10,10,10,10,10,8,10,10,8,10,10,10,10,10,10,10,10,10,10,10,8,10,10,4,0.908,93100,,,,,,,
15,10,10,10,10,10,10,8,10,10,8,10,10,10,10,10,10,10,10,10,10,10,8,6,10,4,0.936,93100,,,,,,,
16,10,10,10,10,10,10,8,10,10,8,10,10,10,10,10,10,10,10,10,10,10,8,6,10,4,0.936,93100,,,,,,,
17,10,10,10,10,10,10,8,10,10,8,10,10,10,10,10,10,10,10,10,10,10,8,6,10,4,0.936,93100,,,,,,,
18,10,10,10,10,10,10,8,10,10,8,10,10,10,10,10,10,10,10,10,10,10,8,6,10,4,0.936,93100,,,,,,,
19,10,10,10,10,10,10,8,10,10,8,10,10,10,10,10,10,10,10,10,10,10,8,6,10,4,0.936,93100,,,,,,,
20,10,10,10,10,10,10,8,10,10,8,10,10,10,10,10,10,10,10,10,10,10,8,6,10,4,0.936,93100,,,,,,,
21,10,10,10,10,10,10,8,10,10,8,10,10,10,10,10,10,10,10,10,10,10,8,6,10,4,0.936,93100,,,,,,,
22,10,10,10,10,10,10,8,10,10,8,10,10,10,10,10,10,10,10,10,10,10,8,6,10,4,0.936,93100,,,,,,,
23,10,10,10,10,10,10,8,10,10,8,10,10,10,10,10,10,10,10,10,10,10,8,6,10,4,0.936,93100,,,,,,,
24,10,10,10,10,10,10,8,10,10,8,10,10,10,10,10,10,10,10,10,10,10,8,6,10,4,0.936,93100,,,,,,,
25,10,10,10,10,10,10,8,10,10,8,10,10,10,10,10,10,10,10,10,10,10,8,6,10,4,0.936,93100,,,,,,,
26,10,10,10,10,10,10,8,10,10,8,10,10,10,10,10,10,10,10,10,10,10,8,6,10,4,0.936,93100,,,,,,,
27,10,10,10,10,10,10,8,10,10,8,10,10,10,10,10,10,10,10,10,10,10,8,6,10,4,0.936,93100,,,,,,,
28,10,10,10,10,10,10,8,10,10,8,10,10,10,10,10,10,10,10,10,10,10,8,6,10,4,0.936,93100,,,,,,,
29,10,10,10,10,10,10,8,10,10,8,10,10,10,10,10,10,10,10,10,10,10,8,6,10,4,0.936,93100,,,,,,,
30,10,10,10,10,10,10,8,10,10,8,10,10,10,10,10,10,10,10,10,10,10,8,6,10,4,0.936,93100,,,,,,,
31,6,10,10,10,10,10,8,10,10,8,10,10,10,10,10,10,10,10,10,10,10,8,6,10,4,0.896,93100,,,,,,,
32,6,10,10,10,10,10,8,10,10,8,10,10,10,10,10,10,10,10,10,10,10,8,6,10,4,0.896,93100,,,,,,,
33,6,10,10,10,10,10,8,10,10,8,10,10,10,10,10,10,10,10,10,10,10,8,6,10,4,0.896,93100,,,,,,,
34,6,10,10,10,10,10,8,10,10,8,10,10,10,10,10,10,10,10,10,10,10,8,6,10,4,0.896,93100,,,,,,,
35,6,10,10,10,10,10,8,10,10,8,10,10,10,10,10,10,10,10,10,10,10,8,6,10,4,0.896,93100,,,,,,,
36,6,10,10,10,10,10,8,10,10,8,10,10,10,10,10,10,10,10,10,10,10,8,6,10,4,0.896,93100,,,,,,,
37,6,10,10,10,10,10,8,10,10,8,10,10,10,10,10,10,10,10,10,10,10,8,6,10,4,0.896,93100,,,,,,,
38,6,10,10,10,10,10,8,10,10,8,10,10,10,10,10,10,10,10,10,10,10,8,6,10,4,0.896,93100,,,,,,,
39,6,10,10,10,10,10,8,10,10,8,10,10,10,10,10,10,10,10,10,10,10,8,6,10,4,0.896,93100,,,,,,,
40,6,10,10,10,10,10,8,10,10,8,10,10,10,10,10,10,10,10,10,10,10,8,6,10,4,0.896,93100,,,,,,,
41,6,10,10,10,10,10,8,10,10,8,10,10,10,10,10,10,10,10,10,10,10,8,6,10,4,0.896,93100,,,,,,,
42,6,10,10,10,10,10,8,10,10,8,10,10,10,10,10,10,10,10,10,10,10,8,6,10,4,0.896,93100,,,,,,,
43,6,10,10,10,10,10,8,10,10,8,10,10,10,10,10,10,10,10,10,10,10,8,6,10,4,0.896,93100,,,,,,,
44,6,10,10,10,10,10,8,10,10,8,10,10,10,10,10,10,10,10,10,10,10,8,6,10,4,0.896,93100,,,,,,,
45,6,10,10,10,10,10,8,10,10,8,10,10,10,10,10,10,10,10,10,10,10,8,6,10,4,0.896,93100,,,,,,,
46,6,10,10,10,10,10,8,10,10,8,10,10,10,10,10,10,10,10,10,10,10,8,6,10,4,0.896,93100,,,,,,,
47,6,10,10,10,10,10,8,10,10,8,10,10,10,10,10,10,10,10,10,10,10,8,6,10,4,0.896,93100,,,,,,,
48,6,10,10,10,10,10,8,10,10,8,10,10,10,10,10,10,10,10,10,10,10,8,6,10,4,0.896,93100,,,,,,,
49,6,10,10,10,10,10,8,10,10,8,10,10,10,10,10,10,10,10,10,10,10,8,6,10,4,0.896,93100,,,,,,,
50,6,10,10,10,10,10,8,10,10,8,10,10,10,10,10,10,10,10,10,10,10,8,6,10,4,0.896,93100,,,,,,,
51,6,10,10,10,10,10,8,10,10,8,10,10,10,10,10,10,10,10,10,10,10,8,6,10,4,0.896,93100,,,,,,,
52,6,10,10,10,10,10,8,10,10,8,10,10,10,10,10,10,10,10,10,10,10,8,6,10,4,0.896,93100,,,,,,,
53,6,10,10,10,10,10,8,10,10,8,10,10,10,10,10,10,10,10,10,10,10,8,6,10,4,0.896,93100,,,,,,,
54,6,10,10,10,10,10,8,10,10,8,10,10,10,10,10,10,10,10,10,10,10,8,6,10,4,0.896,93100,,,,,,,
55,6,10,10,10,10,10,8,10,10,8,10,10,10,10,10,10,10,10,10,10,10,8,6,10,4,0.896,93100,,,,,,,
56,6,10,10,10,10,10,8,10,10,8,10,10,10,10,10,10,10,10,10,10,10,8,6,10,4,0.896,93100,,,,,,,
57,6,10,10,10,10,10,8,10,10,8,10,10,10,10,10,10,10,10,10,10,10,8,6,10,4,0.896,93100,,,,,,,
58,6,10,10,10,10,10,8,10,10,8,10,10,10,10,10,10,10,10,10,10,10,8,6,10,4,0.896,93100,,,,,,,
59,6,10,10,10,10,10,8,10,10,8,10,10,10,10,10,10,10,10,10,10,10,8,6,10,4,0.896,93100,43.300,10/04/2013,E2.3=EXTRAORDINARIA (ACCIDENTES),GRUA ACERCA PLUMA A CONDUCTOR ROMPIEDO DISTANCIA DIELECTRICA EN CLARO DE EST. Nos. 59 Y 60.,,10/04/2013,4
60,6,10,10,10,10,10,8,10,10,8,10,10,10,10,10,10,10,10,10,10,10,8,6,10,4,0.896,93100,,,,,,,
61,6,10,10,10,10,10,8,10,10,8,10,10,10,10,10,10,10,10,10,10,10,8,6,10,4,0.896,93100,,,,,,,
62,6,10,10,10,10,10,8,10,10,8,10,10,10,10,10,10,10,10,10,10,10,8,6,10,4,0.896,93100,,,,,,,
63,6,10,10,10,10,10,8,10,10,8,10,10,10,10,10,10,10,10,10,10,10,8,6,10,4,0.896,93100,23.620,07/06/2015,A6= CONTAMINACION,"FLAMEO EN ESTRUCTURA No. 63 FASE ""C"" POR CONTANIMACIÓN POR ESCREMENTO DE AVE",,07/06/2015,5
64,6,10,10,10,10,10,8,10,10,8,10,10,10,10,10,10,10,10,10,10,10,8,6,10,4,0.896,93100,,,,,,,
65,6,10,10,10,10,10,8,10,10,8,10,10,10,10,10,10,10,10,10,10,10,8,6,10,4,0.896,93100,,,,,,,
66,6,10,10,10,10,10,8,10,10,8,10,10,10,10,10,10,10,10,10,10,10,8,6,10,4,0.896,93100,,,,,,,
67,6,10,10,10,10,10,8,10,10,8,10,10,10,10,10,10,10,10,10,10,10,8,6,10,4,0.896,93100,,,,,,,
68,6,10,10,10,10,10,8,10,10,8,10,10,10,10,10,10,10,10,10,10,10,8,6,10,4,0.896,93100,,,,,,,
69,6,10,10,10,10,10,8,10,10,8,10,10,10,10,10,10,10,10,10,10,10,8,6,10,4,0.896,93100,,,,,,,
70,6,10,10,10,10,10,8,10,10,8,10,10,10,10,10,10,10,10,10,10,10,8,6,10,4,0.896,93100,,,,,,,
71,6,10,10,10,10,10,8,10,10,8,10,10,10,10,10,10,10,10,10,10,10,8,6,10,4,0.896,93100,,,,,,,
72,10,10,10,10,10,10,8,10,10,8,10,10,10,10,10,10,10,10,10,10,10,8,6,10,4,0.936,93100,,,,,,,
73,10,10,10,10,10,10,8,10,10,8,10,10,10,10,10,10,10,10,10,10,10,8,6,10,4,0.936,93100,,,,,,,
74,10,10,10,10,10,10,8,10,10,8,10,10,10,10,10,10,10,10,10,10,10,8,6,10,4,0.936,93100,,,,,,,
75,10,10,10,10,10,10,8,10,10,8,10,10,10,10,10,10,10,10,10,10,10,8,6,10,4,0.936,93100,,,,,,,
76,10,10,10,10,10,10,8,10,10,8,10,10,10,10,10,10,10,10,10,10,10,8,6,10,4,0.936,93100,,,,,,,
77,10,10,10,10,10,10,8,10,10,8,10,10,10,10,10,10,10,10,10,10,10,8,6,10,4,0.936,93100,,,,,,,
78,10,10,10,10,10,10,8,10,10,8,10,10,10,10,10,10,10,10,10,10,10,8,6,10,4,0.936,93100,,,,,,,
79,6,10,10,10,10,10,8,10,10,8,10,10,10,10,10,10,10,10,10,10,10,8,6,10,4,0.896,93100,,,,,,,
80,6,10,10,10,10,10,8,10,10,8,10,10,10,10,10,10,10,10,10,10,10,8,6,10,4,0.896,93100,,,,,,,
81,10,10,10,10,10,10,8,10,10,8,10,10,10,10,10,10,10,10,10,10,10,8,6,10,4,0.936,93100,,,,,,,
82,10,10,10,10,10,10,8,10,10,8,10,10,10,10,10,10,10,10,10,10,10,8,6,10,4,0.936,93100,,,,,,,
83,10,10,10,10,10,10,8,10,10,8,10,10,10,10,10,10,10,10,10,10,10,8,6,10,4,0.936,93100,,,,,,,
84,10,10,10,10,10,10,8,10,10,8,10,10,10,10,10,10,10,10,10,10,10,8,6,10,4,0.936,93100,,,,,,,
85,10,10,10,10,10,10,8,10,10,8,10,10,10,10,10,10,10,10,10,10,10,8,6,10,4,0.936,93100,,,,,,,
86,10,10,10,10,10,10,8,10,10,8,10,10,10,10,10,10,10,10,10,10,10,8,6,10,4,0.936,93100,,,,,,,
87,10,10,10,10,10,10,8,10,10,8,10,10,10,10,10,10,10,10,10,10,10,8,6,10,4,0.936,93100,,,,,,,
88,10,10,10,10,10,10,8,10,10,8,10,10,10,10,10,10,10,10,10,10,10,8,6,10,4,0.936,93100,,,,,,,
89,10,10,10,10,10,10,8,10,10,8,10,10,10,10,10,10,10,10,10,10,10,8,6,10,4,0.936,93100,,,,,,,
90,10,10,10,10,10,10,8,10,10,8,10,10,10,10,10,10,10,10,10,10,10,8,6,10,4,0.936,93100,,,,,,,
91,10,10,10,10,10,10,8,10,10,8,10,10,10,10,10,10,10,10,10,10,10,8,6,10,4,0.936,93100,,,,,,,
92,10,10,10,10,10,10,8,10,10,8,10,10,10,10,10,10,10,10,10,10,10,8,6,10,4,0.936,93100,,,,,,,
93,10,10,10,10,10,10,8,10,10,8,10,10,10,10,10,10,10,10,10,10,10,8,6,10,4,0.936,93100,,,,,,,
94,10,10,10,10,10,10,8,10,10,8,10,10,10,10,10,10,10,10,10,10,10,8,6,10,4,0.936,93100,,,,,,,
95,10,10,10,10,10,10,8,10,10,8,10,10,10,10,10,10,10,10,10,10,10,8,6,10,4,0.936,93100,,,,,,,
96,10,10,10,10,10,10,8,10,10,8,10,10,10,10,10,10,10,10,10,10,10,8,6,10,4,0.936,93100,,,,,,,
97,10,10,10,10,10,10,8,10,10,8,10,10,10,10,10,10,10,10,10,10,10,8,6,10,4,0.936,93100,,,,,,,
98,10,10,10,10,10,10,8,10,10,8,10,10,10,10,10,10,10,10,10,10,10,8,6,10,4,0.936,93100,,,,,,,
99,10,10,10,10,10,10,8,10,10,8,10,10,10,10,10,10,10,10,10,10,10,8,6,10,4,0.936,93100,,,,,,,
100,6,10,10,10,10,10,8,10,10,8,10,10,10,10,10,10,10,10,10,10,10,8,6,10,4,0.896,93100,,,,,,,
101,6,10,10,10,10,10,8,10,10,8,10,10,10,10,10,10,10,10,10,10,10,8,6,10,4,0.896,93100,,,,,,,
102,6,10,10,10,10,10,8,10,10,8,10,10,10,10,10,10,10,10,10,10,10,8,6,10,4,0.896,93100,,,,,,,
103,6,10,10,10,10,10,8,10,10,8,10,10,10,10,10,10,10,10,10,10,10,8,6,10,4,0.896,93100,,,,,,,
104,6,10,10,10,10,10,8,10,10,8,10,10,10,10,10,10,10,10,10,10,10,8,6,10,4,0.896,93100,,,,,,,
105,6,10,10,10,10,10,8,10,10,8,10,10,10,10,10,10,10,10,10,10,10,8,6,10,4,0.896,93100,,,,,,,
106,6,10,10,10,10,10,8,10,10,8,10,10,10,10,10,10,10,10,10,10,10,8,6,10,4,0.896,93100,,,,,,,
107,6,10,10,10,10,10,8,10,10,8,10,10,10,10,10,10,10,10,10,10,10,8,6,10,4,0.896,93100,,,,,,,
108,6,10,10,10,10,10,8,10,10,8,10,10,10,10,10,10,10,10,10,10,10,8,6,10,4,0.896,93100,,,,,,,
109,6,10,10,10,10,10,8,10,10,8,10,10,10,10,10,10,10,10,10,10,10,8,6,10,4,0.896,93100,,,,,,,
110,6,10,10,10,10,10,8,10,10,8,10,10,10,10,10,10,10,10,10,10,10,8,6,10,4,0.896,93100,,,,,,,
111,6,10,10,10,10,10,8,10,10,8,10,10,10,10,10,10,10,10,10,10,10,8,6,10,4,0.896,93100,,,,,,,
112,6,10,10,10,10,10,8,10,10,8,10,10,10,10,10,10,10,10,10,10,10,8,6,10,4,0.896,93100,,,,,,,
113,6,10,10,10,10,10,8,10,10,8,10,10,10,10,10,10,10,10,10,10,10,8,6,10,4,0.896,93100,,,,,,,
114,6,10,10,10,10,10,8,10,10,8,10,10,10,10,10,10,10,10,10,10,10,8,6,10,4,0.896,93100,,,,,,,
115,6,10,10,10,10,10,8,10,10,8,10,10,10,10,10,10,10,10,10,10,10,8,6,10,4,0.896,93100,42.000,31/08/2011,E2.1=EXTRAORDINARIA (VANDALISMO),"ESTA SALIDA FUE OCASIONADA POR FALLA PERMANENTE EN LA ESTRUCTURA NO. 115 (TENSIÓN DEFLEXIÓN), POR DAÑO (ROTOS) EN LOS AISLADORES DE VIDRIO DE LAS TRES FASES POR VANDALISMO.",,30/09/2011,6
116,6,10,10,10,10,10,8,10,10,8,10,10,10,10,10,10,10,10,10,10,10,8,6,10,4,0.896,93100,43.300,14/04/2013,E2.2=EXTRAORDINARIA (FENOMENOS NATURALES),"DAÑO DE CADENA DE 17 AISLADORES DE VIDRIO, ESTRUCTURA No. 116, FASE ""A"" POR VANDALISMO.",,15/05/2013,7
117,6,10,10,10,10,10,8,10,10,8,10,10,10,10,10,10,10,10,10,10,10,8,6,10,4,0.896,93100,,,,,,,
118,6,10,10,10,10,10,8,10,10,8,10,10,10,10,10,10,10,10,10,10,10,8,6,10,4,0.896,93100,,,,,,,
119,6,10,10,10,10,10,8,10,10,8,10,10,10,10,10,10,10,10,10,10,10,8,6,10,4,0.896,93100,,,,,,,
120,10,10,10,10,10,10,8,10,10,8,10,10,10,10,10,10,10,10,10,10,10,8,6,0,4,0.926,93100,,,,,,,
121,10,10,10,10,10,10,8,10,10,8,10,10,10,10,10,10,10,10,10,10,10,8,6,0,4,0.926,93100,,,,,,,
122,10,10,10,10,10,10,8,10,10,8,10,10,10,10,10,10,10,10,10,10,10,8,6,0,4,0.926,93100,,,,,,,
123,10,10,10,10,10,10,8,10,10,8,10,10,10,10,10,10,10,10,10,10,10,8,6,0,4,0.926,93100,,,,,,,
124,10,10,10,10,10,10,8,10,10,8,10,10,10,10,10,10,10,10,10,10,10,8,6,0,4,0.926,93100,,,,,,,
125,10,10,10,10,10,10,8,10,10,8,10,10,10,10,10,10,10,10,10,10,10,8,6,0,4,0.926,93100,,,,,,,
126,10,10,10,10,10,10,8,10,10,8,10,10,10,10,10,10,10,10,10,10,10,8,6,0,4,0.926,93100,,,,,,,
127,10,10,10,10,10,10,8,10,10,8,10,10,10,10,10,10,10,10,10,10,10,8,6,0,4,0.926,93100,,,,,,,
128,10,10,10,10,10,10,8,10,10,8,10,10,10,10,10,10,10,10,10,10,10,8,6,0,4,0.926,93100,,,,,,,
129,10,10,10,10,10,10,8,10,10,8,10,10,10,10,10,10,10,10,10,10,10,8,6,0,4,0.926,93100,,,,,,,
130,10,10,10,10,10,10,8,10,10,8,10,10,10,10,10,10,10,10,10,10,10,8,6,0,4,0.926,93100,,,,,,,
131,10,10,10,10,10,10,8,10,10,8,10,10,10,10,10,10,10,10,10,10,10,8,6,0,4,0.926,93100,,,,,,,
132,10,10,10,10,10,10,8,10,10,8,10,10,10,10,10,10,10,10,10,10,10,8,6,0,4,0.926,93100,,,,,,,
133,10,10,10,10,10,10,8,10,10,8,10,10,10,10,10,10,10,10,10,10,10,8,6,0,4,0.926,93100,,,,,,,
134,10,10,10,10,10,10,8,10,10,8,10,10,10,10,10,10,10,10,10,10,10,8,6,0,4,0.926,93100,,,,,,,
135,10,10,10,10,10,10,8,10,10,8,10,10,10,10,10,10,10,10,10,10,10,8,6,0,4,0.926,93100,,,,,,,
136,10,10,10,10,10,10,8,10,10,8,10,10,10,10,10,10,10,10,10,10,10,8,6,0,4,0.926,93100,,,,,,,
137,10,10,10,10,10,10,8,10,10,8,10,10,10,10,10,10,10,10,10,10,10,8,6,0,4,0.926,93100,,,,,,,
138,10,10,10,10,10,10,8,10,10,8,10,10,10,10,10,10,10,10,10,10,10,8,6,0,4,0.926,93100,,,,,,,
139,10,10,10,10,10,10,8,10,10,8,10,10,10,10,10,10,10,10,10,10,10,8,6,0,4,0.926,93100,,,,,,,
140,10,10,10,10,10,10,8,10,10,8,10,10,10,10,10,10,10,10,10,10,10,8,6,0,4,0.926,93100,,,,,,,
141,10,10,10,10,10,10,8,10,10,8,10,10,10,10,10,10,10,10,10,10,10,8,6,0,4,0.926,93100,,,,,,,
142,10,10,10,10,10,10,8,10,10,8,10,10,10,10,10,10,10,10,10,10,10,8,6,0,4,0.926,93100,,,,,,,
143,10,10,10,10,10,10,8,10,10,8,10,10,10,10,10,10,10,10,10,10,10,8,6,0,4,0.926,93100,,,,,,,
144,10,10,10,10,10,10,8,10,10,8,10,10,10,10,10,10,10,10,10,10,10,8,6,0,4,0.926,93100,,,,,,,
145,10,10,10,10,10,10,8,10,10,8,10,10,10,10,10,10,10,10,10,10,10,8,6,0,4,0.926,93100,,,,,,,
146,10,10,10,10,10,10,8,10,10,8,10,10,10,10,10,10,10,10,10,10,10,8,6,0,4,0.926,93100,,,,,,,
147,10,10,10,10,10,10,8,10,10,8,10,10,10,10,10,10,10,10,10,10,10,8,6,0,4,0.926,93100,,,,,,,
148,10,10,10,10,10,10,8,10,10,8,10,10,10,10,10,10,10,10,10,10,10,8,6,0,4,0.926,93100,,,,,,,
149,10,10,10,10,10,10,8,10,10,8,10,10,10,10,10,10,10,10,10,10,10,8,6,0,4,0.926,93100,,,,,,,
150,10,10,10,10,10,10,8,10,10,8,10,10,10,10,10,10,10,10,10,10,10,8,6,0,4,0.926,93100,,,,,,,
151,10,10,10,10,10,10,8,10,10,8,10,10,10,10,10,10,10,10,10,10,10,8,6,0,4,0.926,93100,,,,,,,
152,10,10,10,10,10,10,8,10,10,8,10,10,10,10,10,10,10,10,10,10,10,8,6,0,4,0.926,93100,,,,,,,
153,10,10,10,10,10,10,8,10,10,8,10,10,10,10,10,10,10,10,10,10,10,8,6,0,4,0.926,93100,,,,,,,
154,10,10,10,10,10,10,8,10,10,8,10,10,10,10,10,10,10,10,10,10,10,8,6,0,4,0.926,93100,,,,,,,
155,10,10,10,10,10,10,8,10,10,8,10,10,10,10,10,10,10,10,10,10,10,8,6,0,4,0.926,93100,,,,,,,
156,10,10,10,10,10,10,8,10,10,8,10,10,10,10,10,10,10,10,10,10,10,8,6,0,4,0.926,93100,,,,,,,
157,10,10,10,10,10,10,8,10,10,8,10,10,10,10,10,10,10,10,10,10,10,8,6,0,4,0.926,93100,,,,,,,
158,10,10,10,10,10,10,8,10,10,8,10,10,10,10,10,10,10,10,10,10,10,8,6,0,4,0.926,93100,,,,,,,
159,10,10,10,10,10,10,8,10,10,8,10,10,10,10,10,10,10,10,10,10,10,8,6,0,4,0.926,93100,,,,,,,
160,10,10,10,10,10,10,8,10,10,8,10,10,10,10,10,10,10,10,10,10,10,8,6,0,4,0.926,93100,,,,,,,
161,10,10,10,10,10,10,8,10,10,8,10,10,10,10,10,10,10,10,10,10,10,8,6,0,4,0.926,93100,,,,,,,
162,10,10,10,10,10,10,8,10,10,8,10,10,10,10,10,10,10,10,10,10,10,8,6,0,4,0.926,93100,,,,,,,
163,10,10,10,10,10,10,8,10,10,8,10,10,10,10,10,10,10,10,10,10,10,8,6,0,4,0.926,93100,,,,,,,
164,10,10,10,10,10,10,8,10,10,8,10,10,10,10,10,10,10,10,10,10,10,8,6,0,4,0.926,93100,,,,,,,
165,10,10,10,10,10,10,8,10,10,8,10,10,10,10,10,10,10,10,10,10,10,8,6,0,4,0.926,93100,63.670,04/08/2012,B0= DESCARGA ATMOSFERICA,"CADENA FLAMEADA EN ESTRUCTURA No. 165,TIPO HORIZONTAL, FASE ""C"" LATERAL.",,05/08/2012,1
166,10,10,10,10,10,10,8,10,10,8,10,10,10,10,10,10,10,10,10,10,10,8,6,0,4,0.926,93100,,,,,,,
167,10,10,10,10,10,10,8,10,10,8,10,10,10,10,10,10,10,10,10,10,10,8,6,0,4,0.926,93100,,,,,,,
168,10,10,10,10,10,10,8,10,10,8,10,10,10,10,10,10,10,10,10,10,10,8,6,0,4,0.926,93100,,,,,,,
169,10,10,10,10,10,10,8,10,10,8,10,10,10,10,10,10,10,10,10,10,10,8,6,0,4,0.926,93100,,,,,,,
170,10,10,10,10,10,10,8,10,10,8,10,10,10,10,10,10,10,10,10,10,10,8,6,0,4,0.926,93100,,,,,,,
171,10,10,10,10,10,10,8,10,10,8,10,10,10,10,10,10,10,10,10,10,10,8,6,0,4,0.926,93100,,,,,,,
172,10,10,10,10,10,10,8,10,10,8,10,10,10,10,10,10,10,10,10,10,10,8,6,0,4,0.926,93100,,,,,,,
173,10,10,10,10,10,10,8,10,10,8,10,10,10,10,10,10,10,10,10,10,10,8,6,0,4,0.926,93100,,,,,,,
174,10,10,10,10,10,10,8,10,10,8,10,10,10,10,10,10,10,10,10,10,10,8,6,0,4,0.926,93100,,,,,,,
175,10,10,10,10,10,10,8,10,10,8,10,10,10,10,10,10,10,10,10,10,10,8,6,0,4,0.926,93100,,,,,,,
176,10,10,10,10,10,10,8,10,10,8,10,10,10,10,10,10,10,10,10,10,10,8,6,0,4,0.926,93100,,,,,,,
177,10,10,10,10,10,10,8,10,10,8,10,10,10,10,10,10,10,10,10,10,10,8,6,0,4,0.926,93100,,,,,,,
178,10,10,10,10,10,10,8,10,10,8,10,10,10,10,10,10,10,10,10,10,10,8,6,0,4,0.926,93100,,,,,,,
179,10,10,10,10,10,10,8,10,10,8,10,10,10,10,10,10,10,10,10,10,10,8,6,0,4,0.926,93100,,,,,,,
180,10,10,10,10,10,10,8,10,10,8,10,10,10,10,10,10,10,10,10,10,10,8,6,0,4,0.926,93100,,,,,,,
181,10,10,10,10,10,10,8,10,10,8,10,10,10,10,10,10,10,10,10,10,10,8,6,0,4,0.926,93100,,,,,,,
182,10,10,10,10,10,10,8,10,10,8,10,10,10,10,10,10,10,10,10,10,10,8,6,0,4,0.926,93100,,,,,,,
183,10,10,10,10,10,10,8,10,10,8,10,10,10,10,10,10,10,10,10,10,10,8,6,0,4,0.926,93100,,,,,,,
184,10,10,10,10,10,10,8,10,10,8,10,10,10,10,10,10,10,10,10,10,10,8,6,0,4,0.926,93100,,,,,,,
185,10,10,10,10,10,10,8,10,10,8,10,10,10,10,10,10,10,10,10,10,10,8,6,0,4,0.926,93100,,,,,,,
186,10,10,10,10,10,10,8,10,10,8,10,10,10,10,10,10,10,10,10,10,10,8,6,0,4,0.926,93100,,,,,,,
187,10,10,10,10,10,10,8,10,10,8,10,10,10,10,10,10,10,10,10,10,10,8,6,0,4,0.926,93100,,,,,,,
188,10,10,10,10,10,10,8,10,10,8,10,10,10,10,10,10,10,10,10,10,10,8,6,0,4,0.926,93100,,,,,,,
189,10,10,10,10,10,10,8,10,10,8,10,10,10,10,10,10,10,10,10,10,10,8,6,0,4,0.926,93100,,,,,,,
190,10,10,10,10,10,10,8,10,10,8,10,10,10,10,10,10,10,10,10,10,10,8,6,0,4,0.926,93100,,,,,,,
191,10,10,10,10,10,10,8,10,10,10,10,10,10,10,10,8,10,10,10,10,10,10,10,0,4,0.958,93100,,,,,,,
192,10,10,10,10,10,10,8,10,10,10,10,10,10,10,10,8,10,10,10,10,10,10,10,0,4,0.958,93100,,,,,,,
,,,,,,,,,,,,,,,,,,,,,,,,,,,,,,,,,,
,,,,,,,,,,,,,,,,,,,,,,,,,,,93610,,29/07/2006,B0= DESCARGA ATMOSFERICA,,,,1
,,,,,,,,,,,,,,,,,,,,,,,,,,,93610,,29/07/2008,C0= VIENTOS FUERTES,"FUERTES VIENTOS Y LLUVIAS CON GRANIZO AL MOMENTO DEL DISPARO ARQUEO DEL CONDUCTOR A CRUCETA DE ESTRUCTURA AUTOSOPORTADA DE LINEA DE 115KV, EN CLARO DE ESTRUCTURAS 37 Y 38",,29/07/2008,2
231,,,,,,,,,,,,,,,,,,,,,,,,,,,A3L60,16.000,13/06/2013,B0= DESCARGA ATMOSFERICA,"CADENA FLAMEADA ESTRUCTURA No. 231 DE SUSPENSION FASE ""B"" INFERIOR.",,27/06/2013,1
,,,,,,,,,,,,,,,,,,,,,,,,,,,A3L60,20.950,08/10/2009,B0= DESCARGA ATMOSFERICA,,,,1
,,,,,,,,,,,,,,,,,,,,,,,,,,,93100,71.000,19/11/2014,C2= QUEMA DE BOSQUE,"QUEMA DE MATORRALES (PLANTAS RODANTES), FUERA DERECHO DE VIA, PRESENTÁNDOSE ARCO ELÉCTRICO EN CONDUCTORES DE LAS FASES “B” Y “C”, CAUSADO INTENCIONALMENTE POR PERSONAL VÁNDALOS.",,19/11/2014,8
